"folder","date"
".",""
"./monica8Jan1308-01-14-48-09","2016-01-08 14:48:09"
"./monica8jan13208-01-16-12-15","2016-01-08 16:12:15"
"./monica8jan13_208-01-17-20-32","2016-01-08 17:20:32"
"./monica8jan13_208-01-17-42-07","2016-01-08 17:42:07"
"./monica9Jan1309-01-10-36-26","2016-01-09 10:36:26"
"./monica9Jan1309-01-10-39-32","2016-01-09 10:39:32"
"./monica9Jan13209-01-11-34-53","2016-01-09 11:34:53"
"./monica9Jan13pm09-01-15-08-05","2016-01-09 15:08:05"
"./monicapilot9Jan13pm09-01-15-59-14","2016-01-09 15:59:14"
"./monica9Jan201309-01-18-25-05","2016-01-09 18:25:05"
"./monica9Jan13Final09-01-19-38-53","2016-01-09 19:38:53"
"./monica9jan13evening09-01-19-44-57","2016-01-09 19:44:57"
"./monica10Jan13A10-01-09-31-15","2016-01-10 09:31:15"
"./monica10Jan13B10-01-09-46-27","2016-01-10 09:46:27"
"./moncia10Jan13B10-01-12-44-43","2016-01-10 12:44:43"
"./monica10Jan13C10-01-13-16-45","2016-01-10 13:16:45"
"./GranadaCommunicChain115-01-14-53-53","2016-01-15 14:53:53"
"./ExpComm1_215-01-15-55-08","2016-01-15 15:55:08"
"./ExpComm1_2bis15-01-17-03-27","2016-01-15 17:03:27"
"./ExpComm1_2bis15-01-17-31-14","2016-01-15 17:31:14"
"./test15-01-17-36-57","2016-01-15 17:36:57"
"./MT_ExpCommChain1Gen215-01-18-35-05","2016-01-15 18:35:05"
"./MT_ExpCommCh1G216-01-08-08-49","2016-01-16 08:08:49"
"./MT_ExpComm_1_3_16-01-11-01-07","2016-01-16 11:01:07"
"./MT_Exp_Comm_1_416-01-12-05-51","2016-01-16 12:05:51"
"./MT_Exp_Comm1_516-01-13-00-38","2016-01-16 13:00:38"
"./MT_Exp_Comm_1_5_16-01-14-23-15","2016-01-16 14:23:15"
"./MT_Exp_Comm_1_5_16-01-14-28-06","2016-01-16 14:28:06"
"./MT_Exp_Comm_1_5_16-01-14-34-16","2016-01-16 14:34:16"
"./test16-01-14-46-35","2016-01-16 14:46:35"
"./MT_Exp_Comm_1_5_16-01-14-53-28","2016-01-16 14:53:28"
"./MT_Exp_Comm_1_5_16-01-14-55-33","2016-01-16 14:55:33"
"./MT_Exp_Comm_1_6_16-01-16-03-07","2016-01-16 16:03:07"
"./MT_Exp_Comm_2_1_16-01-16-49-16","2016-01-16 16:49:16"
"./MT_Exp_Comm_2_2_16-01-18-00-21","2016-01-16 18:00:21"
"./MT_Exp_Comm_2_3_16-01-18-50-07","2016-01-16 18:50:07"
"./MT_Exp_Comm_2_3_17-01-08-57-23","2016-01-17 08:57:23"
"./MT_Exp_Comm2_4_17-01-09-28-14","2016-01-17 09:28:14"
"./MT_Exp_Comm_2_4_17-01-09-52-50","2016-01-17 09:52:50"
"./MT_Exp_Comm_2_5_17-01-10-38-45","2016-01-17 10:38:45"
"./MT_Exp_Comm_2_6_17-01-11-51-13","2016-01-17 11:51:13"
"./MT_Exp_Comm_3_1_30-01-14-32-27","2016-01-30 14:32:27"
"./MT_Exp_Comm_3_1_BIS_30-01-16-42-14","2016-01-30 16:42:14"
"./MT_Exp_Comm_3_2_30-01-17-56-49","2016-01-30 17:56:49"
"./MT_Exp_Comm3_2_30-01-18-11-30","2016-01-30 18:11:30"
"./MT_Exp_Comm_3_3_31-01-08-49-05","2016-01-31 08:49:05"
"./MT_Exp_Comm_3_4_31-01-10-48-11","2016-01-31 10:48:11"
"./MT_Exp_Comm_3_4_31-01-11-41-06","2016-01-31 11:41:06"
"./MT_exp_Comm_3_6_31-01-13-04-27","2016-01-31 13:04:27"
"./MT_Exp_Comm_4_1_31-01-13-42-11","2016-01-31 13:42:11"
"./MT_Exp_Comm_4_2_31-01-14-53-02","2016-01-31 14:53:02"
"./MT_Exp_Comm_4_2_31-01-14-55-45","2016-01-31 14:55:45"
"./MT_Exp_Comm_4_2_Bis_31-01-15-19-20","2016-01-31 15:19:20"
"./MT_Exp_Comm_4_3_31-01-15-51-08","2016-01-31 15:51:08"
"./MT_Test_AI31-01-17-08-44","2016-01-31 17:08:44"
"./MT_Test_AI231-01-17-19-55","2016-01-31 17:19:55"
"./MT_TEst_AI_2B31-01-17-21-52","2016-01-31 17:21:52"
"./MT_AI_test331-01-18-36-46","2016-01-31 18:36:46"
"./MT_Test_Ai_4_31-01-18-45-30","2016-01-31 18:45:30"
"./MT_Exp_Comm_4_4_01-02-09-00-45","2016-02-01 09:00:45"
"./MT_Exp_Comm_4_4_01-02-09-17-11","2016-02-01 09:17:11"
"./MT_Exp_Comm_4_5_01-02-09-57-26","2016-02-01 09:57:26"
"./MT_Exp_Comm_4_6_01-02-10-50-19","2016-02-01 10:50:19"
"./MT_Exp_Comm_5_1_01-02-11-56-07","2016-02-01 11:56:07"
"./MT_AI_Test401-02-15-53-56","2016-02-01 15:53:56"
"./MT_AI_Test_501-02-16-06-13","2016-02-01 16:06:13"
"./MT_AI_Test_5_01-02-16-16-16","2016-02-01 16:16:16"
"./s04-02-12-26-58","2016-02-04 12:26:58"
"./eas04-02-12-39-40","2016-02-04 12:39:40"
"./sesan04-02-12-52-10","2016-02-04 12:52:10"
"./ea04-02-16-35-47","2016-02-04 16:35:47"
"./MT_Single_Test105-02-16-14-03","2016-02-05 16:14:03"
"./MT_Test_Single105-02-16-18-04","2016-02-05 16:18:04"
"./MT_singletest05-02-16-19-47","2016-02-05 16:19:47"
"./MT_testSingle05-02-16-38-01","2016-02-05 16:38:01"
"./s05-02-16-42-47","2016-02-05 16:42:47"
"./MT_testSingle105-02-16-57-25","2016-02-05 16:57:25"
"./MT_singletest105-02-17-02-12","2016-02-05 17:02:12"
"./MT_testsingle205-02-18-00-33","2016-02-05 18:00:33"
"./MT_testsingle3_05-02-18-08-14","2016-02-05 18:08:14"
"./MT_testSingle4_05-02-19-51-29","2016-02-05 19:51:29"
"./MT_test05-02-20-45-59","2016-02-05 20:45:59"
"./MT_Exp_Learn_1_1_06-02-09-02-00","2016-02-06 09:02:00"
"./MT_Exp_Learn_2_1_06-02-09-03-56","2016-02-06 09:03:56"
"./MT_Exp_Learn_1_2_06-02-09-50-14","2016-02-06 09:50:14"
"./MT_Exp_Learn_2_2_06-02-10-00-10","2016-02-06 10:00:10"
"./TSP_Test106-02-10-18-18","2016-02-06 10:18:18"
"./MT_Exp_Learn_1_3_06-02-10-24-05","2016-02-06 10:24:05"
"./senat206-02-10-28-16","2016-02-06 10:28:16"
"./MT_Exp_Larn_2_3_06-02-10-39-32","2016-02-06 10:39:32"
"./TSPtest106-02-10-47-24","2016-02-06 10:47:24"
"./TSPtest106-02-10-49-13","2016-02-06 10:49:13"
"./TSPtest106-02-10-54-06","2016-02-06 10:54:06"
"./MT_Exp_Learn_1_4_06-02-11-13-26","2016-02-06 11:13:26"
"./MT_Exp_Learn_1_5_06-02-12-09-29","2016-02-06 12:09:29"
"./MT_Exp_Learn_2_4_06-02-12-14-29","2016-02-06 12:14:29"
"./MT_Exp_Learn_2_5_06-02-13-08-30","2016-02-06 13:08:30"
"./MT_Exp_Learn_1_6_06-02-13-14-06","2016-02-06 13:14:06"
"./MT_Exp_Learn_2_6_06-02-14-30-46","2016-02-06 14:30:46"
"./MT_Exp_Learn_3_1_06-02-14-43-42","2016-02-06 14:43:42"
"./MT_Exp_Learn_3_1_06-02-17-48-45","2016-02-06 17:48:45"
"./MT_Exp_Learn_3_2_07-02-08-30-47","2016-02-07 08:30:47"
"./MT_Exp_Learn_4_1_07-02-08-32-24","2016-02-07 08:32:24"
"./MT_Exp_Learn_3_2_07-02-08-53-19","2016-02-07 08:53:19"
"./MT_Exp_Learn_4_2_07-02-09-15-31","2016-02-07 09:15:31"
"./MT_Exp_Learn_3_2_07-02-09-23-29","2016-02-07 09:23:29"
"./MT_Exp_Learn_4_2_07-02-09-26-26","2016-02-07 09:26:26"
"./MT_Exp_Learn_3_3_07-02-09-58-44","2016-02-07 09:58:44"
"./MT_Exp_Learn_4_3_07-02-12-25-28","2016-02-07 12:25:28"
"./MT_Exp_Learn_4_3_19-02-14-30-57","2016-02-19 14:30:57"
"./MT_Exp_Learn_3_3_19-02-14-31-53","2016-02-19 14:31:53"
"./MT_Exp_3__3_19-02-16-18-34","2016-02-19 16:18:34"
"./MT_Exp_Learn_4_4_19-02-16-40-51","2016-02-19 16:40:51"
"./MT_Exp_Learn_4_4_19-02-17-45-24","2016-02-19 17:45:24"
"./MT_Ep_Learn_3_4_19-02-18-12-03","2016-02-19 18:12:03"
"./MT_Exp_Learn_3_5_20-02-07-47-11","2016-02-20 07:47:11"
"./MT_Exp_Learn_4_5_20-02-08-07-53","2016-02-20 08:07:53"
"./MT_Exp_Learn_4_6_20-02-08-44-30","2016-02-20 08:44:30"
"./MT_Exp_Learn_3_6_20-02-08-45-14","2016-02-20 08:45:14"
"./MT_Exp_Comm_5_1_20-02-09-53-39","2016-02-20 09:53:39"
"./MT_Exp_Comm_5_2_20-02-11-01-53","2016-02-20 11:01:53"
"./MT_Exp_Comm_5_3_20-02-11-54-15","2016-02-20 11:54:15"
"./MT_Exp_Comm_5_3_20-02-14-21-39","2016-02-20 14:21:39"
"./MT_Exp_Comm_5_4_20-02-14-54-27","2016-02-20 14:54:27"
"./MT_Exp_Comm_5_4_20-02-15-09-27","2016-02-20 15:09:27"
"./MT_Exp_Comm_5_5_20-02-15-49-23","2016-02-20 15:49:23"
"./MT_Exp_Comm_5_6_20-02-17-46-17","2016-02-20 17:46:17"
"./MT_Exp_Comm_5_7_20-02-18-47-30","2016-02-20 18:47:30"
"./monicatest11-04-10-41-40","2016-04-11 10:41:40"
"./monicatest11-04-10-56-59","2016-04-11 10:56:59"
"./monicatest11-04-14-52-40","2016-04-11 14:52:40"
"./sean19-04-09-26-07","2016-04-19 09:26:07"
"./sean19-04-09-29-25","2016-04-19 09:29:25"
"./sean19-04-09-39-27","2016-04-19 09:39:27"
"./sean19-04-09-42-57","2016-04-19 09:42:57"
"./sean19-04-09-56-46","2016-04-19 09:56:46"
"./sean19-04-10-00-29","2016-04-19 10:00:29"
"./sean19-04-10-17-58","2016-04-19 10:17:58"
"./monicatest19_4_1319-04-10-50-54","2016-04-19 10:50:54"
"./monicatest22_4_1322-04-14-32-18","2016-04-22 14:32:18"
"./MONICATEST22041322-04-15-35-27","2016-04-22 15:35:27"
"./MT_Granada_4G5BIS22-04-16-56-32","2016-04-22 16:56:32"
"./MT_Granada_4G4_BIS_22-04-17-13-12","2016-04-22 17:13:12"
"./MT_Comm_4_4_BIS_23-04-08-39-00","2016-04-23 08:39:00"
"./sean23-04-09-42-31","2016-04-23 09:42:31"
"./MT_Exp_Comm_4_4_BIS_23-04-09-42-46","2016-04-23 09:42:46"
"./sean23-04-11-11-40","2016-04-23 11:11:40"
"./sean23-04-16-35-25","2016-04-23 16:35:25"
"./testmonicagranada406-05-19-55-27","2016-05-06 19:55:27"
"./MT_Granadatest407-05-10-11-10","2016-05-07 10:11:10"
"./MT_COMM4_4_BIS07-05-10-38-31","2016-05-07 10:38:31"
"./MT_Comm_4_BIS07-05-10-44-07","2016-05-07 10:44:07"
"./MT_RERUN407-05-11-27-11","2016-05-07 11:27:11"
"./MT_Exp_Comm4_5_BIS_07-05-12-55-26","2016-05-07 12:55:26"
"./MT_EXP_Comm4G5_Exp07-05-15-44-36","2016-05-07 15:44:36"
"./MT_EXP_COMM_4_5_BIS07-05-16-19-46","2016-05-07 16:19:46"
"./MT_Com4_5_BIS08-05-07-56-05","2016-05-08 07:56:05"
"./MT_COM_4_6_BIS_08-05-08-52-33","2016-05-08 08:52:33"
"./MT_FINAL_COM4_6_bis_08-05-09-11-26","2016-05-08 09:11:26"
"./MT_FINAL4G6_bis08-05-09-23-04","2016-05-08 09:23:04"
"./test09-06-12-28-50","2016-06-09 12:28:50"
"./test110-06-08-15-55","2016-06-10 08:15:55"
"./test110-06-08-33-33","2016-06-10 08:33:33"
"./test10-06-09-03-03","2016-06-10 09:03:03"
"./MT_13JUNE2013_13-06-10-44-11","2016-06-13 10:44:11"
"./MT_TEST_13-06-10-51-46","2016-06-13 10:51:46"
"./MT_test_13-06-11-06-49","2016-06-13 11:06:49"
"./MT_Test_13-06-11-23-55","2016-06-13 11:23:55"
"./MT_Test_13-06-11-25-07","2016-06-13 11:25:07"
"./MT_Test__13-06-11-29-38","2016-06-13 11:29:38"
"./MT_Test__13-06-11-32-47","2016-06-13 11:32:47"
"./MT_Test___13-06-11-45-01","2016-06-13 11:45:01"
"./MT_test_13-06-12-27-36","2016-06-13 12:27:36"
"./MT_test13-06-12-32-23","2016-06-13 12:32:23"
"./Test_MT13-06-12-37-56","2016-06-13 12:37:56"
"./MT_test13-06-15-51-40","2016-06-13 15:51:40"
"./MTtest17-06-08-59-44","2016-06-17 08:59:44"
"./MTtest17-06-09-06-10","2016-06-17 09:06:10"
"./MTtes17-06-09-11-57","2016-06-17 09:11:57"
"./sean17-06-10-02-21","2016-06-17 10:02:21"
"./MTtest17-06-18-13-37","2016-06-17 18:13:37"
"./MTtest18-06-09-12-57","2016-06-18 09:12:57"
"./MTtest18-06-09-18-44","2016-06-18 09:18:44"
"./mt-test18-06-09-27-09","2016-06-18 09:27:09"
"./monica18-06-10-33-55","2016-06-18 10:33:55"
"./sean18-06-13-15-16","2016-06-18 13:15:16"
"./sean18-06-13-17-18","2016-06-18 13:17:18"
"./d21-11-20-02-33","2016-11-21 20:02:33"
"./monicaPilot122-11-09-22-46","2016-11-22 09:22:46"
"./monica104-12-10-30-29","2016-12-04 10:30:29"
"./monica7Dec1207-12-14-25-23","2016-12-07 14:25:23"
"./monica7dec1207-12-14-55-56","2016-12-07 14:55:56"
"./monicatest10-12-15-33-04","2016-12-10 15:33:04"
"./monicatest10-12-15-42-19","2016-12-10 15:42:19"
"./monicatest110-12-16-07-42","2016-12-10 16:07:42"
"./monicatest110-12-16-11-03","2016-12-10 16:11:03"
"./seatest11-12-14-33-04","2016-12-11 14:33:04"
"./GranadaPilot119-12-15-11-52","2016-12-19 15:11:52"
"./GranadaPilot219-12-15-55-36","2016-12-19 15:55:36"
"./granadapilot119-12-15-59-19","2016-12-19 15:59:19"
"./GranadaPilot319-12-19-25-31","2016-12-19 19:25:31"
"./GranadaPilot319-12-19-38-44","2016-12-19 19:38:44"
"./GranadaPilot319-12-19-40-35","2016-12-19 19:40:35"
"./GranadaPilot319-12-19-43-46","2016-12-19 19:43:46"
