"","condition","chain","gen","round","parent","word","meaning","isSpikyMeaning","increaseIconicity","wordCount","wordCountSameMeaning","inFinalLang"
"1","Comm","2",1,3,"kemusije","kesumije","3","TRUE",0,1,1,FALSE
"2","Comm","2",1,4,"faludelu","zetabu","0","TRUE",0.272771940326166,1,1,FALSE
"3","Comm","2",1,9,"fukopo","faludela","6","FALSE",0.148666466429315,9,3,FALSE
"4","Comm","2",1,10,"kesumije","zetuba","3","TRUE",-1.46338910605487,3,1,FALSE
"5","Comm","2",1,23,"neroro","niza","4","TRUE",1.38508333777317,1,1,FALSE
"6","Comm","2",1,35,"faludela","tezuja","9","FALSE",-1.64986876372564,3,1,FALSE
"7","Comm","2",1,39,"doje","kamijace","3","TRUE",1.47874395027881,1,1,FALSE
"8","Comm","2",2,11,"faludela","faludefa","6","FALSE",0.101289046814125,6,3,FALSE
"9","Comm","2",2,21,"neroro","faludalu","5","TRUE",0.213637965392563,1,1,FALSE
"10","Comm","2",2,31,"doje","faludefu","11","FALSE",-0.118131523623994,1,1,FALSE
"11","Comm","2",3,30,"kamijace","keroro","0","TRUE",-0.87055173132585,1,1,FALSE
"12","Comm","2",3,36,"pilu","kamidefa","4","TRUE",-0.471505047138874,2,2,FALSE
"13","Comm","2",3,46,"neroro","kamijazu","1","TRUE",2.25322092563657,1,1,FALSE
"14","Comm","2",4,10,"kamidefa","kamikazu","4","TRUE",1.35193050835646,7,2,FALSE
"15","Comm","2",6,1,"kamikazu","kamicazu","10","FALSE",0.689210744915463,5,2,FALSE
"16","Comm","2",6,2,"kamikazu","kamizaku","4","TRUE",0,1,1,FALSE
"17","Comm","2",6,10,"neroro","polikazu","6","FALSE",-2.06978757492264,2,1,FALSE
"18","Comm","2",6,11,"neroro","policazu","8","FALSE",-1.38057683000718,1,1,FALSE
"19","Comm","2",6,13,"kamijace","falepa","0","TRUE",-1.42815553467963,4,2,FALSE
"20","Comm","2",6,14,"kamikazu","kamikace","1","TRUE",-0.334142547841767,1,1,FALSE
"21","Comm","2",6,17,"pilu","pilo","7","FALSE",0.562638076020086,2,2,FALSE
"22","Comm","2",6,18,"faludefa","pileloc","9","FALSE",-1.16236118734986,1,1,FALSE
"23","Comm","2",6,19,"kamikace","pipeloc","1","TRUE",-0.75319120175853,1,1,FALSE
"24","Comm","2",6,22,"pilo","pelolu","7","FALSE",0.252646293667607,1,1,FALSE
"25","Comm","2",6,24,"policazu","naroro","8","FALSE",1.88483586517008,1,1,FALSE
"26","Comm","2",6,25,"neroro","kamicazuneroro","2","TRUE",1.48990988510496,2,1,FALSE
"27","Comm","2",6,26,"falepa","pilolu","9","FALSE",-0.682913683349354,2,1,FALSE
"28","Comm","2",6,27,"pilolu","piloluuuu","9","FALSE",0.0450203545347492,1,1,FALSE
"29","Comm","2",6,28,"falepa","piloluuu","0","TRUE",0.641217555585266,1,1,FALSE
"30","Comm","2",6,32,"pipeloc","piru","1","TRUE",0.214959245992244,1,1,FALSE
"31","Comm","2",6,34,"polikazu","kamicace","5","TRUE",-0.676521787402485,1,1,FALSE
"32","Comm","2",6,41,"kamikazu","piluuu","10","FALSE",1.06765067333712,1,1,FALSE
"33","Comm","2",6,43,"kamikazu","nerorooo","11","FALSE",3.13194637280867,1,1,FALSE
"34","Comm","2",6,44,"kamijace","kamukazu","4","TRUE",-0.0959463278612933,1,1,FALSE
"35","Comm","2",6,47,"piru","kamicazuu","1","TRUE",0.153979299893322,1,1,FALSE
"36","Comm","3",1,3,"zisa","tajere","5","TRUE",0.433325857494031,2,1,FALSE
"37","Comm","3",1,5,"romiba","piju","8","FALSE",-2.26978570710522,3,1,FALSE
"38","Comm","3",1,6,"tajere","zisu","5","TRUE",-0.0809416359690687,1,1,FALSE
"39","Comm","3",1,9,"doje","tajare","0","TRUE",0.895801039906647,1,1,FALSE
"40","Comm","3",1,11,"pilu","doja","6","FALSE",1.71640223190937,2,1,FALSE
"41","Comm","3",1,14,"tezadu","serde","10","FALSE",0.476294313309045,2,1,FALSE
"42","Comm","3",1,16,"fukopo","ziju","2","TRUE",2.24541607526903,3,2,FALSE
"43","Comm","3",1,18,"timajeba","dejenta","11","FALSE",-0.0785378957201077,2,2,FALSE
"44","Comm","3",1,20,"doja","situburu","6","FALSE",-1.25869920873198,3,1,FALSE
"45","Comm","3",1,21,"serde","zija","10","FALSE",-1.87462892996216,3,1,FALSE
"46","Comm","3",1,24,"piju","denzu","8","FALSE",1.28674983118487,2,2,FALSE
"47","Comm","3",1,26,"doja","fojo","9","FALSE",-0.34712013385719,1,1,FALSE
"48","Comm","3",1,28,"situburu","dojo","6","FALSE",1.46895306322711,1,1,FALSE
"49","Comm","3",1,29,"situburu","taremere","3","TRUE",0.215934891010335,1,1,FALSE
"50","Comm","3",1,31,"dejenta","sijuburu","11","FALSE",-0.246922733823306,2,2,FALSE
"51","Comm","3",1,33,"tajare","zonjo","0","TRUE",-0.683766885727389,3,2,FALSE
"52","Comm","3",1,35,"piju","zenje","7","FALSE",-0.0506052849973413,2,2,FALSE
"53","Comm","3",1,38,"taremere","sutuburu","3","TRUE",-0.809421921354205,1,1,FALSE
"54","Comm","3",1,39,"zija","tejevere","10","FALSE",-0.283497490757502,2,1,FALSE
"55","Comm","3",1,40,"denzu","sezul","8","FALSE",-0.639270037040655,1,1,FALSE
"56","Comm","3",1,42,"ziju","zunzul","2","TRUE",-0.95432170929057,1,1,FALSE
"57","Comm","3",1,45,"fojo","nororo","9","FALSE",0.842024790140379,1,1,FALSE
"58","Comm","3",1,46,"tejevere","noerde","10","FALSE",2.63046312665419,1,1,FALSE
"59","Comm","3",1,47,"zunzul","zajul","2","TRUE",-0.0438968009202174,1,1,FALSE
"60","Comm","3",1,48,"tejevere","zerde","1","TRUE",-1.2327514358891,1,1,FALSE
"61","Comm","3",2,2,"zija","ajzul","5","TRUE",-0.645834288685823,1,1,FALSE
"62","Comm","3",2,4,"zija","teremere","4","TRUE",-0.707576874993027,1,1,FALSE
"63","Comm","3",2,5,"tejevere","zujumuru","10","FALSE",1.11128554218927,1,1,FALSE
"64","Comm","3",2,6,"tejevere","zchulo","11","FALSE",1.74951957270943,1,1,FALSE
"65","Comm","3",2,8,"zujumuru","peremere","10","FALSE",0.132009680792917,1,1,FALSE
"66","Comm","3",2,10,"zajul","koloko","2","TRUE",-0.818174783145695,1,1,FALSE
"67","Comm","3",2,12,"zonjo","zojo","0","TRUE",0.19732607504394,3,2,FALSE
"68","Comm","3",2,14,"taremere","zonjoooo","3","TRUE",-1.84056667925098,1,1,FALSE
"69","Comm","3",2,15,"koloko","zenjeee","2","TRUE",1.33895550825284,1,1,FALSE
"70","Comm","3",2,16,"zonjo","boonjo","6","FALSE",1.5861536513008,1,1,FALSE
"71","Comm","3",2,18,"denzu","buuenje","8","FALSE",-0.0752797678775838,1,1,FALSE
"72","Comm","3",2,19,"zojo","zojoooo","0","TRUE",-1.3429670362053,1,1,FALSE
"73","Comm","3",2,20,"taremere","pereeme","7","FALSE",0.0424707580517563,1,1,FALSE
"74","Comm","3",2,21,"buuenje","dejezul","8","FALSE",-1.18111329552096,1,1,FALSE
"75","Comm","3",2,22,"tejevere","keekee","1","TRUE",0.213668547221172,1,1,FALSE
"76","Comm","3",2,23,"keekee","eee","1","TRUE",-1.82328495642358,1,1,FALSE
"77","Comm","3",2,24,"neroro","bonjo","9","FALSE",0.57642605958108,2,1,FALSE
"78","Comm","3",2,26,"eee","keke","1","TRUE",1.8423091621023,2,2,FALSE
"79","Comm","3",2,27,"zenje","kenke","4","TRUE",0.402086012119724,1,1,FALSE
"80","Comm","3",2,28,"neroro","bonjooooo","9","FALSE",1.81553698138314,1,1,FALSE
"81","Comm","3",2,30,"zajul","azjullll","5","TRUE",0.545101241418749,1,1,FALSE
"82","Comm","3",2,31,"zonjo","zonnnjo","3","TRUE",-0.26421312868303,1,1,FALSE
"83","Comm","3",2,33,"zchulo","zannnjul","11","FALSE",-0.237975335637082,1,1,FALSE
"84","Comm","3",2,34,"zonnnjo","kaaaakaaaa","3","TRUE",-0.390030001836989,1,1,FALSE
"85","Comm","3",2,36,"zojo","kaka","0","TRUE",0.873528900634375,1,1,FALSE
"86","Comm","3",2,38,"kenke","kekeeeeee","4","TRUE",0.651926006601126,1,1,FALSE
"87","Comm","3",2,39,"peremere","bennnje","10","FALSE",0.889798766525588,1,1,FALSE
"88","Comm","3",2,40,"bennnje","beenjeee","10","FALSE",-0.84638917503382,1,1,FALSE
"89","Comm","3",2,41,"pereeme","beje","7","FALSE",0.125121339004389,1,1,FALSE
"90","Comm","3",2,42,"dejezul","bazjul","8","FALSE",0.747536813829464,1,1,FALSE
"91","Comm","3",2,43,"azjullll","zenjul","5","TRUE",-0.284554226289323,2,1,FALSE
"92","Comm","3",2,45,"bazjul","bejemere","8","FALSE",-0.0975166063562778,2,1,FALSE
"93","Comm","3",2,48,"zannnjul","bazjulllll","11","FALSE",-0.934352244238333,1,1,FALSE
"94","Comm","3",3,1,"bonjooooo","bonjoooo","9","FALSE",-0.274091770770053,1,1,FALSE
"95","Comm","3",3,4,"zenjul","azjul","2","TRUE",-0.260547015129426,4,3,FALSE
"96","Comm","3",3,8,"bazjulllll","bazjull","11","FALSE",0.628874964328556,1,1,FALSE
"97","Comm","3",3,9,"azjullll","zenjullll","5","TRUE",0.249879911192419,1,1,FALSE
"98","Comm","3",3,11,"beenjeee","beeejeee","10","FALSE",-0.319004844142072,3,3,FALSE
"99","Comm","3",3,15,"bonjo","bojo","6","FALSE",-0.0416656596962852,3,3,FALSE
"100","Comm","3",3,16,"kekeeeeee","keeekeeee","4","TRUE",0,2,2,FALSE
"101","Comm","3",3,18,"kaaaakaaaa","kaaaakaaaaaa","3","TRUE",-0.355091138533064,1,1,FALSE
"102","Comm","3",3,20,"zenjullll","bazjulllllll","5","TRUE",-0.0451936222862548,1,1,FALSE
"103","Comm","3",3,21,"bazjull","bajzulll","11","FALSE",-0.216105657860549,1,1,FALSE
"104","Comm","3",3,23,"keeekeeee","keeeekeeee","4","TRUE",0.106826059917303,1,1,FALSE
"105","Comm","3",3,24,"bonjoooo","bonjoooooo","9","FALSE",0.53628822164662,1,1,FALSE
"106","Comm","3",3,27,"bajzulll","bajzullll","11","FALSE",-0.208904913692738,1,1,FALSE
"107","Comm","3",3,28,"bazjulllllll","azjullllllll","5","TRUE",0.526786455350178,1,1,FALSE
"108","Comm","3",3,31,"bonjoooooo","bojoooo","9","FALSE",-0.533564029057451,1,1,FALSE
"109","Comm","3",3,32,"keeekeeee","keeeekeeeee","4","TRUE",0.22134389919042,1,1,FALSE
"110","Comm","3",3,38,"bojoooo","bonjooo","9","FALSE",-0.293809277492776,1,1,FALSE
"111","Comm","3",3,44,"kaaaakaaaa","kaaakaaaaaa","3","TRUE",-0.182544241165009,1,1,FALSE
"112","Comm","3",3,46,"beeejeee","bejemereee","10","FALSE",0.0326257727633861,1,1,FALSE
"113","Comm","3",4,1,"keke","keekee","1","TRUE",-0.0190242056787193,2,2,FALSE
"114","Comm","3",4,2,"zenjul","akzul","2","TRUE",-0.0588169174562347,1,1,FALSE
"115","Comm","3",4,4,"beeejeee","verdeeeee","10","FALSE",-0.0571746675884226,1,1,FALSE
"116","Comm","3",4,6,"keeekeeee","beeeeeejeeeeee","4","TRUE",-0.505069129199998,1,1,FALSE
"117","Comm","3",4,7,"bejemere","beeree","7","FALSE",0.376570134298222,1,1,FALSE
"118","Comm","3",4,8,"keekee","beeje","1","TRUE",-1.65309714039943,1,1,FALSE
"119","Comm","3",4,9,"azjullll","azjull","5","TRUE",-0.364068126045549,4,1,FALSE
"120","Comm","3",4,10,"bojoooo","rojooo","9","FALSE",-0.987068852378578,1,1,FALSE
"121","Comm","3",4,11,"beeeeeejeeeeee","keeekeee","4","TRUE",0.408819265896936,2,2,FALSE
"122","Comm","3",4,12,"beeree","beje","7","FALSE",-0.107243763848548,1,1,FALSE
"123","Comm","3",4,14,"kaka","jojo","0","TRUE",-0.875077161713131,1,1,FALSE
"124","Comm","3",4,15,"jojo","kaaakaaa","0","TRUE",-0.439944415068877,2,1,FALSE
"125","Comm","3",4,16,"azjull","ajuuullllll","5","TRUE",0.118534596227161,1,1,FALSE
"126","Comm","3",4,17,"bajzullll","bajzull","11","FALSE",0.425010571553287,1,1,FALSE
"127","Comm","3",4,18,"bajzull","baajjjzuuull","11","FALSE",-0.830792790234886,1,1,FALSE
"128","Comm","3",4,22,"azjull","ajzul","8","FALSE",0.1810331153732,2,2,FALSE
"129","Comm","3",4,23,"kaaaakaaaa","kaakaaa","3","TRUE",0.650462545406585,1,1,FALSE
"130","Comm","3",4,26,"kaaakaaa","bohoo","0","TRUE",-2.06556056626073,1,1,FALSE
"131","Comm","3",4,28,"kaaakaaa","kaaaakaaa","3","TRUE",-0.21420249652204,1,1,FALSE
"132","Comm","3",4,29,"baajjjzuuull","aaajjjzull","11","FALSE",-0.145495093197601,1,1,FALSE
"133","Comm","3",4,30,"beeejeee","veeeejjjeeeee","10","FALSE",-2.13552212671104,1,1,FALSE
"134","Comm","3",4,33,"ajuuullllll","azjul","5","TRUE",-0.299567711600361,1,1,FALSE
"135","Comm","3",4,34,"aaajjjzull","ajzuuuul","11","FALSE",0.903099957560222,1,1,FALSE
"136","Comm","3",4,35,"veeeejjjeeeee","beejeee","10","FALSE",2.29044727873378,1,1,FALSE
"137","Comm","3",4,38,"azjull","zjuuull","2","TRUE",0.185791548327729,1,1,FALSE
"138","Comm","3",4,39,"kaaaakaaa","kaakaa","3","TRUE",0.734249807704889,1,1,FALSE
"139","Comm","3",4,40,"bojo","oooojooo","9","FALSE",1.33325850672022,1,1,FALSE
"140","Comm","3",4,42,"keekee","veejhe","1","TRUE",-0.843199614187062,1,1,FALSE
"141","Comm","3",4,43,"keeekeee","keekeee","4","TRUE",-0.0811410109970039,1,1,FALSE
"142","Comm","3",4,45,"ajzul","ajjjul","8","FALSE",-0.618862816562543,1,1,FALSE
"143","Comm","3",4,46,"beeejeee","jekke","7","FALSE",-1.70882532121233,1,1,FALSE
"144","Comm","3",4,48,"azjul","ajjjzuuulllll","5","TRUE",1.69580568933689,1,1,FALSE
"145","Comm","3",5,1,"ajjjzuuulllll","zjhuuuul","5","TRUE",-1.60528078548835,1,1,FALSE
"146","Comm","3",5,3,"ajzul","azjhul","8","FALSE",0.0549923212449626,1,1,FALSE
"147","Comm","3",5,4,"bohoo","kaaaakaaaaaaa","0","TRUE",1.13553626540249,1,1,FALSE
"148","Comm","3",5,5,"zjuuull","zjhul","2","TRUE",-0.00376545521825289,2,2,FALSE
"149","Comm","3",5,6,"jekke","veehee","7","FALSE",1.87390894794903,1,1,FALSE
"150","Comm","3",5,7,"keeekeee","veeeeheeeee","4","TRUE",-0.746588507073205,1,1,FALSE
"151","Comm","3",5,8,"zjhuuuul","azjhuuuuuull","5","TRUE",-0.0806777749747019,1,1,FALSE
"152","Comm","3",5,9,"kaaaaaaa","kaaaakaaaa","3","TRUE",0.644665237188796,3,2,FALSE
"153","Comm","3",5,11,"bojo","boho","6","FALSE",0.830796894860698,1,1,FALSE
"154","Comm","3",5,12,"ajzuuuul","zjhuuul","11","FALSE",-0.349897433717333,1,1,FALSE
"155","Comm","3",5,13,"veeeejjjeeeee","beeeeheeee","10","FALSE",2.37971477460505,1,1,FALSE
"156","Comm","3",5,14,"azjhul","zjhuul","8","FALSE",-0.286350689628432,1,1,FALSE
"157","Comm","3",5,15,"oooojooo","bojhoo","9","FALSE",-1.12295353578797,1,1,FALSE
"158","Comm","3",5,16,"kaaaakaaaa","kaaaaaakaaaaaa","3","TRUE",-0.678762053704262,1,1,FALSE
"159","Comm","3",5,17,"zjhuuul","azjjjjuuuul","11","FALSE",-1.31942287989616,1,1,FALSE
"160","Comm","3",5,18,"beeeeheeee","vejheee","10","FALSE",-0.696394986882348,2,1,FALSE
"161","Comm","3",5,19,"veehee","vehe","7","FALSE",0.291472656516651,2,2,FALSE
"162","Comm","3",5,20,"veejhe","veeejhee","1","TRUE",0.236841223932661,1,1,FALSE
"163","Comm","3",5,22,"veeeeheeeee","keeeeekeeeee","4","TRUE",1.18446894335666,2,2,FALSE
"164","Comm","3",5,24,"bojhoo","bojho","9","FALSE",-0.374766795234448,2,2,FALSE
"165","Comm","3",5,25,"keeeeekeeeee","veeeejheeee","4","TRUE",-0.786718141799316,2,1,FALSE
"166","Comm","3",5,27,"azjjjjuuuul","azjjjjuuuull","11","FALSE",-0.173220712374418,1,1,FALSE
"167","Comm","3",5,30,"kaaaakaaaa","kaaakaaaa","0","TRUE",0.195874032894286,1,1,FALSE
"168","Comm","3",5,32,"azjhuuuuuull","aaajhzuuuuull","5","TRUE",-0.430103730621187,1,1,FALSE
"169","Comm","3",5,33,"boho","ojo","6","FALSE",-1.2499530624731,2,2,FALSE
"170","Comm","3",5,35,"zjhul","zjuul","2","TRUE",-0.0502951060956311,1,1,FALSE
"171","Comm","3",5,36,"zjhuul","zhuul","8","FALSE",0.655980985420361,1,1,FALSE
"172","Comm","3",5,37,"aaajhzuuuuull","azjjjhuuuul","5","TRUE",1.35244696322468,1,1,FALSE
"173","Comm","3",5,38,"kaaaaaakaaaaaa","kaaaaaakaaaaaaa","3","TRUE",-0.153980401745133,1,1,FALSE
"174","Comm","3",5,39,"kaaakaaaa","kaaaakaaa","0","TRUE",0,1,1,FALSE
"175","Comm","3",5,40,"veeeejheeee","vejhee","10","FALSE",0.633980652206119,1,1,FALSE
"176","Comm","3",5,41,"zhuul","ajhul","8","FALSE",0.3141382856137,1,1,FALSE
"177","Comm","3",5,42,"zjuul","aazhjjuuuuuull","2","TRUE",0.0225222473722431,1,1,FALSE
"178","Comm","3",5,43,"keeekeee","keeekeeee","1","TRUE",0.0962498633030622,1,1,FALSE
"179","Comm","3",5,44,"azjjjjuuuull","ajhuul","11","FALSE",2.4164051023483,1,1,FALSE
"180","Comm","3",5,46,"vehe","vehee","7","FALSE",-0.145057424635137,1,1,FALSE
"181","Comm","4",1,17,"kemusije","foopo","2","TRUE",-3.33430196581759,1,1,FALSE
"182","Comm","4",1,19,"zisa","fokopo","5","TRUE",-1.30918602798654,1,1,FALSE
"183","Comm","4",1,24,"fokopo","tabuja","5","TRUE",0.329127154687161,1,1,FALSE
"184","Comm","4",1,25,"doje","tejimabe","9","FALSE",-1.02594851902621,1,1,FALSE
"185","Comm","4",1,27,"faludelu","tobuba","8","FALSE",1.52736235985116,1,1,FALSE
"186","Comm","4",1,30,"neroro","tajuba","2","TRUE",0.427009771792134,1,1,TRUE
"187","Comm","4",1,34,"tejimabe","tajeba","9","FALSE",0.821364829215609,1,1,TRUE
"188","Comm","4",1,35,"romiba","talulu","10","FALSE",-1.15219666767011,1,1,FALSE
"189","Comm","4",1,39,"sitobuna","tajibe","6","FALSE",-1.56299528331524,2,1,FALSE
"190","Comm","4",1,41,"neroro","dejo","5","TRUE",0.440334427516001,1,1,FALSE
"191","Comm","4",2,2,"doje","rombembe","0","TRUE",-1.06594856429763,6,1,FALSE
"192","Comm","4",2,5,"rombembe","romembe","0","TRUE",0.291233814583622,4,1,FALSE
"193","Comm","4",2,6,"doje","rombembo","3","TRUE",-1.66322002056642,2,1,FALSE
"194","Comm","4",2,7,"falutelu","falucito","10","FALSE",0.141136825670673,4,1,FALSE
"195","Comm","4",2,8,"falucitu","falucite","6","FALSE",-0.192783108881392,1,1,FALSE
"196","Comm","4",2,10,"falucitu","filocute","7","FALSE",-0.0416286851741567,1,1,FALSE
"197","Comm","4",2,16,"falucito","faculito","10","FALSE",0,4,2,TRUE
"198","Comm","4",2,18,"falucito","faciluto","11","FALSE",0,1,1,FALSE
"199","Comm","4",2,23,"rombembe","robembe","8","FALSE",-0.165953538660701,3,1,FALSE
"200","Comm","4",2,31,"faciluto","romembo","11","FALSE",2.1069479388558,1,1,FALSE
"201","Comm","4",2,38,"romembe","rombeber","0","TRUE",0.201632008815225,1,1,TRUE
"202","Comm","4",3,15,"romembe","bobembo","4","TRUE",-1.40158777735154,1,1,FALSE
"203","Comm","4",3,28,"falucito","falucit","9","FALSE",-0.440966115561549,1,1,TRUE
"204","Comm","4",3,46,"rombeber","romkbeber","0","TRUE",0.818218621047173,1,1,TRUE
"205","Comm","4",4,4,"rombembe","robembec","1","TRUE",0.349725478120862,1,1,FALSE
"206","Comm","4",4,16,"faculito","falucitoverde","10","FALSE",-0.680970954006018,1,1,FALSE
"207","Comm","4",4,18,"faculito","faculitoaz","11","FALSE",-0.355216278037577,1,1,FALSE
"208","Comm","4",4,20,"romkbeber","romboidaroj","0","TRUE",-0.774826656081955,1,1,FALSE
"209","Comm","4",4,22,"rombembe","rombembover","4","TRUE",0.394658503009648,1,1,FALSE
"210","Comm","4",4,23,"romboidaroj","robrekmer","0","TRUE",1.35977914846285,1,1,FALSE
"211","Comm","4",4,24,"faculito","faculitover","7","FALSE",-0.739762365252576,2,1,FALSE
"212","Comm","4",4,26,"faculitoaz","faculitoline","11","FALSE",-0.45630880262699,1,1,FALSE
"213","Comm","4",4,30,"falucito","faculitoroj","9","FALSE",-0.444830145897801,2,1,FALSE
"214","Comm","4",4,31,"robrekmer","rombbekmer","0","TRUE",-0.784113453685016,1,1,FALSE
"215","Comm","4",4,32,"rombembover","romberverdline","4","TRUE",1.73013106351808,1,1,FALSE
"216","Comm","4",4,34,"rombembe","rombemverd","1","TRUE",0.810681802548529,1,1,FALSE
"217","Comm","4",4,36,"faculitover","faculitovrd","7","FALSE",0.39775080155735,1,1,FALSE
"218","Comm","4",4,37,"faculitovrd","faculitov","7","FALSE",-0.00900055422712231,1,1,FALSE
"219","Comm","4",4,38,"rombembo","rombokaz","2","TRUE",1.58812320872962,1,1,FALSE
"220","Comm","4",4,40,"rombbekmer","rombokroj","0","TRUE",0.0075128931778754,1,1,FALSE
"221","Comm","4",4,46,"rombembo","rombembeaz","5","TRUE",1.09070554887363,1,1,FALSE
"222","Comm","4",5,2,"falucitovrd","rombovrd","7","FALSE",1.93213829203216,3,1,FALSE
"223","Comm","4",5,3,"rombembeaz","rombobeaz","5","TRUE",-0.395481919397962,3,1,FALSE
"224","Comm","4",5,4,"rombokaz","romboaz","2","TRUE",-0.875668456950877,1,1,FALSE
"225","Comm","4",5,5,"rombemverd","rombover","1","TRUE",-0.188032431253779,1,1,FALSE
"226","Comm","4",5,6,"romberverdline","romboveline","4","TRUE",-0.787461663827161,1,1,FALSE
"227","Comm","4",5,8,"rombobeaz","romboazline","5","TRUE",1.08047428427153,1,1,FALSE
"228","Comm","4",5,10,"rombokroj","romboroj","0","TRUE",-0.826922513652163,2,2,FALSE
"229","Comm","4",5,11,"faculitoline","faculitobeazline","11","FALSE",-0.19332521722632,2,2,FALSE
"230","Comm","4",5,12,"rombokroj","romborojline","3","TRUE",0.176842541681303,2,2,FALSE
"231","Comm","4",5,14,"faculitoroj","faculitojroline","9","FALSE",-0.771539925545881,1,1,FALSE
"232","Comm","4",5,15,"rombovrd","faculitovrd","7","FALSE",-1.93213829203216,3,2,FALSE
"233","Comm","4",5,16,"faculitover","faculitovrdline","10","FALSE",-0.382516226973802,2,2,FALSE
"234","Comm","4",5,17,"faculitojroline","faculitokrojline","9","FALSE",-0.647593313014005,2,2,FALSE
"235","Comm","4",5,18,"faculitobeazline","faculitoazline","11","FALSE",-0.126989280407397,2,2,FALSE
"236","Comm","4",5,21,"romboveline","romboverline","4","TRUE",0.246060281483647,2,2,FALSE
"237","Comm","4",5,22,"faculitoline","faculitoaz","8","FALSE",0.45630880262699,2,2,FALSE
"238","Comm","4",5,23,"faculitovrdline","faculitoverline","10","FALSE",-0.36399024842284,1,1,FALSE
"239","Comm","4",5,24,"ralucitoroj","faculitorjo","6","FALSE",0.0956590677745428,2,2,FALSE
"240","Comm","4",5,29,"faculitoaz","faculitobeaz","8","FALSE",0.141335367775804,1,1,FALSE
"241","Comm","4",5,31,"faculitorjo","faculitokroj","6","FALSE",-0.697751472307672,1,1,FALSE
"242","Comm","4",5,34,"rombovrd","rombervrd","1","TRUE",0.880899144925295,1,1,FALSE
"243","Comm","4",5,36,"faculitokrojline","faculitojro","9","FALSE",1.41913323855989,1,1,FALSE
"244","Comm","4",5,37,"romboazline","rombobeazline","5","TRUE",-0.0818556844116856,1,1,FALSE
"245","Comm","4",5,38,"romboverline","rombervrdline","4","TRUE",0.366189465249144,1,1,FALSE
"246","Comm","4",5,46,"rombobeazline","romberazline","5","TRUE",0.851560403355544,1,1,FALSE
"247","Comm","4",5,48,"rombobeaz","romberaz","2","TRUE",0.944100635885274,1,1,FALSE
"248","Comm","4",6,21,"faculitovrdline","faculitovrline","10","FALSE",-0.20969675032058,1,1,FALSE
"249","Comm","4",6,22,"rombovrd","rombover","1","TRUE",0.445226579402753,1,1,FALSE
"250","Comm","4",6,37,"rombobeaz","rombobea","2","TRUE",-0.711029173044461,1,1,FALSE
"251","Comm","5",1,3,"fukopo","faludapu","5","TRUE",-0.472346189655116,1,1,FALSE
"252","Comm","5",1,5,"kemusije","kemu","8","FALSE",1.14491211598229,1,1,FALSE
"253","Comm","5",1,6,"faludapu","nezu","5","TRUE",1.09735221989767,1,1,FALSE
"254","Comm","5",1,8,"pilu","nerudopu","7","FALSE",1.42718389982688,1,1,FALSE
"255","Comm","5",1,9,"kemusije","kisa","0","TRUE",-0.763110933960958,1,1,FALSE
"256","Comm","5",1,10,"pilu","nepu","4","TRUE",-1.08006692854048,2,1,FALSE
"257","Comm","5",1,12,"romiba","romibaa","9","FALSE",0.205769391686982,2,2,FALSE
"258","Comm","5",1,13,"romiba","neporo","1","TRUE",0.0387504448179072,1,1,FALSE
"259","Comm","5",1,15,"nerudopu","nupuu","7","FALSE",-0.111865329292169,1,1,FALSE
"260","Comm","5",1,16,"zisa","zeje","2","TRUE",1.10421980136908,2,2,FALSE
"261","Comm","5",1,18,"faludelu","neruzeje","11","FALSE",-1.6502323165563,5,2,FALSE
"262","Comm","5",1,21,"nepu","neruporo","10","FALSE",0.243824404864961,1,1,FALSE
"263","Comm","5",1,22,"kipe","romizeje","3","TRUE",-0.377084037013034,2,2,FALSE
"264","Comm","5",1,24,"kemu","neru","8","FALSE",0.604750777362258,2,2,TRUE
"265","Comm","5",1,29,"romizeje","robimaa","3","TRUE",-2.59391460698123,1,1,FALSE
"266","Comm","5",1,31,"neruzeje","neruzejee","11","FALSE",-0.129914585700811,2,2,TRUE
"267","Comm","5",1,34,"nepu","romiva","4","TRUE",0.172435719578945,4,1,FALSE
"268","Comm","5",1,37,"romiva","nezuve","4","TRUE",1.06815349514296,2,1,TRUE
"269","Comm","5",1,39,"neruporo","romive","10","FALSE",-0.920519159606804,2,1,TRUE
"270","Comm","5",1,46,"romive","romiver","10","FALSE",-0.243943464658761,1,1,FALSE
"271","Comm","5",1,47,"neruzeje","romiaz","2","TRUE",-1.37821525502529,1,1,TRUE
"272","Comm","5",1,48,"romive","neruver","1","TRUE",0.365462981829774,1,1,FALSE
"273","Comm","5",2,7,"romiaz","nezurejee","2","TRUE",1.5081298407261,3,1,FALSE
"274","Comm","5",2,16,"romiva","neruje","7","FALSE",-0.93630133225606,2,2,FALSE
"275","Comm","5",2,20,"romiva","nuveru","1","TRUE",0.416441468659978,1,1,FALSE
"276","Comm","5",2,21,"romiaz","nezureje","5","TRUE",1.37821525502529,3,2,FALSE
"277","Comm","5",3,8,"neruzeje","neuzeje","2","TRUE",-0.190472551088768,1,1,FALSE
"278","Comm","5",3,10,"romiba","romi","6","FALSE",-0.679411927006625,9,2,FALSE
"279","Comm","5",4,18,"romive","romibe","10","FALSE",0.821811381657696,3,2,TRUE
"280","Comm","5",4,26,"neruzeje","neruseje","8","FALSE",0.749538946424535,1,1,TRUE
"281","Comm","5",4,30,"romiva","rremuva","0","TRUE",0.281163272319143,1,1,TRUE
"282","Comm","5",4,31,"romive","romuve","1","TRUE",-0.670835622626889,1,1,FALSE
"283","Comm","5",4,32,"romiva","remuva","3","TRUE",0.00427764650587381,2,1,TRUE
"284","Comm","5",4,34,"romiba","remuba","9","FALSE",-0.00427764650587337,4,2,TRUE
"285","Comm","5",4,36,"romive","remuve","4","TRUE",0.00427764650587203,4,2,TRUE
"286","Comm","5",4,40,"romiba","remuuba","6","FALSE",-0.0657103807163435,1,1,TRUE
"287","Comm","5",4,46,"romuve","remuvec","1","TRUE",0.767639401117269,1,1,TRUE
"288","Comm","5",5,6,"neruseje","zureje","8","FALSE",-0.869506473514958,6,2,FALSE
"289","Comm","5",5,8,"remuve","zurejee","11","FALSE",-1.38528695295272,2,1,FALSE
"290","Comm","5",5,10,"remuva","remua","3","TRUE",-0.4553891980414,2,1,FALSE
"291","Comm","5",5,17,"neruzeje","remubaa","5","TRUE",-2.70500987158294,1,1,FALSE
"292","Comm","5",5,22,"remubaa","zunejee","5","TRUE",2.51453732049417,1,1,FALSE
"293","Comm","5",5,23,"remuba","remuvee","7","FALSE",-1.50368371556701,7,3,TRUE
"294","Comm","5",5,32,"zureje","zueje","8","FALSE",0.14698044315486,1,1,TRUE
"295","Comm","5",5,34,"remuve","remuvaa","3","TRUE",-0.764456768606421,2,1,TRUE
"296","Comm","5",5,36,"remuve","vremuve","1","TRUE",0.365651236341791,2,1,FALSE
"297","Comm","5",5,47,"remuvaa","renuva","3","TRUE",0.386010865969197,1,1,FALSE
"298","Comm","5",6,2,"remuve","vremuvaa","4","TRUE",-0.366037448962222,7,4,TRUE
"299","Comm","5",6,3,"zureje","zeaje","11","FALSE",0.459744545541904,1,1,FALSE
"300","Comm","5",6,8,"vremuve","vremuva","10","FALSE",0.471035033676418,1,1,FALSE
"301","Comm","5",6,11,"zueje","reaje","8","FALSE",0.786582478938242,1,1,FALSE
"302","Comm","5",6,22,"vremuve","vremuba","7","FALSE",1.23869991390954,4,3,TRUE
"303","Comm","5",6,41,"vremuba","vremubaa","10","FALSE",0.220043775559167,1,1,FALSE
"304","Learn","1",1,5,"faludelu","filudelu","9","FALSE",-0.846820954024037,1,1,FALSE
"305","Learn","1",1,9,"neroro","tilu","7","FALSE",-1.887029579506,1,1,FALSE
"306","Learn","1",1,15,"kemusije","fukebona","3","TRUE",-2.06830007461549,1,1,FALSE
"307","Learn","1",1,17,"sitobuna","temusije","0","TRUE",1.92627279578601,1,1,FALSE
"308","Learn","1",1,31,"kipe","kopo","11","FALSE",2.21896777807371,1,1,TRUE
"309","Learn","1",1,33,"kemusije","quemusije","3","TRUE",-0.200258959835928,1,1,TRUE
"310","Learn","1",1,41,"temusije","tukebona","0","TRUE",-1.41515268263165,1,1,TRUE
"311","Learn","1",1,45,"doje","doze","5","TRUE",0.00154826107875694,1,1,TRUE
"312","Learn","1",2,3,"faludelu","tuquebana","9","FALSE",0.0850146852071156,1,1,FALSE
"313","Learn","1",2,17,"romiba","piza","4","TRUE",1.91894974665902,1,1,FALSE
"314","Learn","1",2,35,"neroro","paludelu","10","FALSE",-0.630147430423839,1,1,TRUE
"315","Learn","1",2,37,"tukebona","tuquebona","0","TRUE",-0.120076766960397,1,1,TRUE
"316","Learn","1",2,39,"piza","remuru","4","TRUE",-0.937104060428667,1,1,TRUE
"317","Learn","1",2,41,"pilu","lea","1","TRUE",-1.05726225618056,1,1,TRUE
"318","Learn","1",2,43,"neroro","neruru","7","FALSE",-0.914409847196591,1,1,TRUE
"319","Learn","1",3,15,"paludelu","lie","10","FALSE",-1.24743167763585,1,1,FALSE
"320","Learn","1",3,29,"lie","fadulelu","10","FALSE",1.21782411010557,1,1,FALSE
"321","Learn","1",4,11,"romiba","falulepa","9","FALSE",-0.970766399765584,1,1,FALSE
"322","Learn","1",4,23,"romiba","romobila","4","TRUE",-0.0390074823198603,1,1,FALSE
"323","Learn","1",5,17,"neruru","klipe","5","TRUE",1.73052441315075,2,1,FALSE
"324","Learn","1",5,23,"quemusije","quesimuje","0","TRUE",0,3,2,TRUE
"325","Learn","1",5,41,"kipe","kiper","2","TRUE",0.0800997323781072,1,1,TRUE
"326","Learn","2",1,1,"tezadu","doja","4","TRUE",-1.22999339064379,2,1,FALSE
"327","Learn","2",1,3,"sitobuna","ziso","3","TRUE",1.15770564432971,1,1,FALSE
"328","Learn","2",1,5,"neroro","falodelu","10","FALSE",-0.25526665056672,5,1,FALSE
"329","Learn","2",1,7,"kemusije","zipo","6","FALSE",0.880469123730694,3,1,FALSE
"330","Learn","2",1,19,"timajeba","rimba","2","TRUE",-0.78774772635165,7,1,FALSE
"331","Learn","2",1,21,"romiba","sizo","1","TRUE",1.39006376215582,1,1,FALSE
"332","Learn","2",1,39,"sitobuna","zisu","3","TRUE",1.72034372034979,1,1,TRUE
"333","Learn","2",2,25,"falodelu","falodea","6","FALSE",0.566612325409292,1,1,TRUE
"334","Learn","2",2,33,"rimba","riba","4","TRUE",0.298953991317879,1,1,TRUE
"335","Learn","2",2,41,"rimba","faladea","0","TRUE",-0.384166662937496,2,1,TRUE
"336","Learn","2",3,3,"riba","rib","4","TRUE",0.449072202971826,1,1,FALSE
"337","Learn","2",3,21,"falodea","aladea","6","FALSE",0.0711262480354748,1,1,FALSE
"338","Learn","2",3,29,"zisu","rmba","5","TRUE",-2.38401240906914,1,1,TRUE
"339","Learn","2",4,29,"pilu","piu","1","TRUE",-0.193218565020188,1,1,TRUE
"340","Learn","2",5,7,"rimba","zimba","11","FALSE",-0.473818376551199,3,2,TRUE
"341","Learn","2",5,39,"faladea","paladea","6","FALSE",0.0312613071252317,1,1,TRUE
"342","Learn","2",5,45,"falodea","falabea","3","TRUE",0.0500651008847686,1,1,TRUE
"343","Learn","3",1,15,"romiba","n","8","FALSE",0.175104556535389,1,1,FALSE
"344","Learn","3",1,25,"sitobuna","k","11","FALSE",-3.05900533777391,2,1,TRUE
"345","Learn","3",1,37,"tezadu","l","4","TRUE",-0.0139151226673979,1,1,TRUE
"346","Learn","3",1,45,"doje","dojo","10","FALSE",0.830796894860697,1,1,TRUE
"347","Learn","3",1,47,"romiba","sitonuna","8","FALSE",-0.46231764608764,1,1,TRUE
"348","Learn","3",2,11,"faludelu","faledufo","1","TRUE",-0.505777394201528,1,1,FALSE
"349","Learn","3",2,19,"sitonuna","siturama","8","FALSE",-0.421406957404706,2,2,TRUE
"350","Learn","3",3,5,"faludelu","kufaro","1","TRUE",0.220685303460538,1,1,FALSE
"351","Learn","3",3,11,"fukopo","fukara","3","TRUE",0.496206994681255,1,1,FALSE
"352","Learn","3",3,15,"l","kk","4","TRUE",2.58203598551116,1,1,FALSE
"353","Learn","3",5,17,"sonorama","samurana","2","TRUE",0.555642771094636,2,2,FALSE
"354","Learn","4",1,1,"neroro","falupo","9","FALSE",-0.102160263610847,1,1,FALSE
"355","Learn","4",1,3,"timajeba","nerroro","8","FALSE",0.70158449787871,1,1,FALSE
"356","Learn","4",1,5,"romiba","wsx","5","TRUE",1.2904311713264,1,1,FALSE
"357","Learn","4",1,9,"sitobuna","falulu","3","TRUE",0.66821228479265,1,1,FALSE
"358","Learn","4",1,25,"tezadu","tamiziba","6","FALSE",-0.37219812409742,1,1,TRUE
"359","Learn","4",1,27,"fukopo","timaceba","2","TRUE",-0.0607342169972713,3,1,TRUE
"360","Learn","4",1,29,"romiba","kimaceba","5","TRUE",1.1181363975479,2,1,TRUE
"361","Learn","4",1,39,"tezadu","kimapeba","1","TRUE",-0.118441566404414,1,1,TRUE
"362","Learn","4",2,1,"kipe","timacepa","7","FALSE",1.60279281010881,1,1,FALSE
"363","Learn","4",2,5,"neroro","neuroro","11","FALSE",-0.0489820230745686,4,1,FALSE
"364","Learn","4",2,13,"timaceba","kimacepa","10","FALSE",-0.9053682492155,4,1,FALSE
"365","Learn","4",2,17,"romiba","rombilla","8","FALSE",-0.615030362822784,2,1,FALSE
"366","Learn","4",2,27,"neroro","neuror","11","FALSE",-0.457204923598295,1,1,TRUE
"367","Learn","4",2,29,"kimaceba","timaziba","1","TRUE",0.497095475903174,1,1,TRUE
"368","Learn","4",2,39,"kipe","kimaziba","7","FALSE",0.71946327657375,1,1,TRUE
"369","Learn","4",2,43,"timaceba","tibaceba","2","TRUE",-0.118652883410832,1,1,TRUE
"370","Learn","4",2,45,"faludelu","rombila","9","FALSE",0.527801234915592,1,1,TRUE
"371","Learn","4",3,1,"tibaceba","timacepa","2","TRUE",0.593487030343871,1,1,FALSE
"372","Learn","4",3,27,"timaziba","tibaziba","0","TRUE",-0.118652883410834,1,1,FALSE
"373","Learn","4",4,37,"timaziba","kimaziba","4","TRUE",0.430534102282462,1,1,TRUE
"374","Learn","4",5,21,"timaceba","kinaciba","2","TRUE",0.942544668595629,1,1,FALSE
"375","Learn","4",5,29,"faludelu","kimaceba","0","TRUE",0.26513242803434,1,1,TRUE
"376","Learn","4",6,23,"kimaceba","kimazeba","0","TRUE",0.526925656723158,2,2,FALSE
